,City,Country,Date,Latitude,Longitude,Temperature,Max. Temp.,Humidity,Cloudiness,Wind Speed
0,Port Alfred,ZA,1600108947,-33.59,26.89,14.68,14.68,67,0,8.78
1,Dunda,TZ,1600108947,-8.12,34.25,22.13,22.13,49,57,1.87
2,Preston,GB,1600108862,53.77,-2.72,20.56,22.0,60,80,2.6
3,Ribeira Grande,PT,1600108948,38.52,-28.7,21.0,21.0,52,20,7.7
4,Mossamedes,AO,1600108948,-15.2,12.15,18.59,18.59,84,100,3.07
5,Sisimiut,GL,1600108948,66.94,-53.67,3.74,3.74,68,5,2.35
6,Adrar,MR,1600108949,20.5,-10.07,40.29,40.29,10,76,2.81
7,Bluff,NZ,1600108949,-46.6,168.33,5.56,5.56,90,70,5.36
8,Arraial do Cabo,BR,1600108949,-22.97,-42.03,27.86,29.0,65,0,7.2
9,Saint-Philippe,RE,1600108950,-21.36,55.77,16.04,19.0,55,75,11.8
10,Portland,US,1600108880,45.52,-122.68,16.0,16.0,82,90,1.1
11,Ponta do Sol,PT,1600108950,32.67,-17.1,22.13,24.0,73,20,5.1
12,Carnarvon,AU,1600108951,-24.87,113.63,21.0,21.0,100,46,5.7
13,Orbetello,IT,1600108951,42.44,11.22,26.11,26.67,78,100,0.5
14,Le Vauclin,MQ,1600108951,14.55,-60.84,30.66,32.0,66,20,5.1
15,Hilo,US,1600108952,19.73,-155.09,21.6,26.0,69,1,1.5
16,Saldanha,ZA,1600108952,-33.01,17.94,11.0,11.0,71,89,2.6
17,Touros,BR,1600108952,-5.2,-35.46,27.0,27.0,69,75,7.2
18,Quatre Cocos,MU,1600108953,-20.21,57.76,20.0,20.0,52,40,7.2
19,Khatanga,RU,1600108953,71.97,102.5,7.56,7.56,83,70,1.45
20,Busselton,AU,1600108954,-33.65,115.33,11.58,13.33,58,0,3.58
21,Jamestown,US,1600108890,42.1,-79.24,16.41,16.67,59,20,5.1
22,Albany,US,1600108954,42.6,-73.97,20.76,21.67,40,0,0.45
23,Fairbanks,US,1600108875,64.84,-147.72,6.95,8.33,86,90,0.71
24,Punta Arenas,CL,1600108954,-53.15,-70.92,6.83,7.0,65,40,14.4
25,Kendari,ID,1600108955,-3.94,122.5,21.03,21.03,89,42,1.81
26,Butaritari,KI,1600108955,3.07,172.79,28.53,28.53,71,100,8.7
27,Clyde River,CA,1600108956,70.47,-68.59,5.0,5.0,80,75,5.1
28,Sitka,US,1600108956,57.05,-135.33,13.0,13.0,62,1,1.83
29,Tezu,IN,1600108956,27.92,96.17,23.95,23.95,87,99,1.27
30,Thompson,CA,1600108957,55.74,-97.86,8.0,8.0,81,90,1.5
31,Nacala,MZ,1600108957,-14.54,40.67,22.25,22.25,84,0,2.0
32,Saint Paul Harbor,US,1600108957,57.79,-152.41,11.0,11.0,76,1,0.37
33,Corn Island,NI,1600108958,12.17,-83.04,29.43,29.43,70,100,3.99
34,Ostrovnoy,RU,1600108958,68.05,39.51,8.69,8.69,91,99,1.74
35,Ushuaia,AR,1600108958,-54.8,-68.3,6.0,6.0,61,20,2.1
36,Kahului,US,1600108959,20.89,-156.47,25.45,27.0,57,40,3.1
37,Sola,VU,1600108959,-13.88,167.55,27.0,27.0,78,40,5.1
38,Gazojak,TM,1600108959,41.19,61.4,20.41,20.41,24,0,2.01
39,Port Lincoln,AU,1600108960,-34.73,135.87,11.1,11.1,86,99,3.46
40,Victoriaville,CA,1600108960,46.05,-71.97,13.9,14.44,60,89,3.13
41,Gwadar,PK,1600108960,25.12,62.33,29.67,29.67,63,81,2.49
42,Coquimbo,CL,1600108961,-29.95,-71.34,14.0,14.0,76,75,6.7
43,Hobart,AU,1600108706,-42.88,147.33,11.42,11.67,62,90,5.1
44,Hirado,JP,1600108962,33.36,129.55,22.78,22.78,83,89,1.79
45,Pisco,PE,1600108962,-13.7,-76.22,19.52,20.0,72,98,4.1
46,Port Augusta,AU,1600108962,-32.5,137.77,9.07,9.44,93,0,2.6
47,Tambopata,PE,1600108962,-12.73,-69.18,34.0,34.0,52,40,1.5
48,Rimbey,CA,1600108963,52.63,-114.24,7.88,8.0,81,90,3.6
49,Cape Town,ZA,1600108805,-33.93,18.42,12.05,14.44,81,40,2.6
50,Torbay,CA,1600108964,47.67,-52.73,17.28,18.33,100,90,8.7
51,Atuona,PF,1600108964,-9.8,-139.03,25.49,25.49,76,1,7.65
52,Qaanaaq,GL,1600108964,77.48,-69.36,-0.93,-0.93,94,90,4.0
53,Rikitea,PF,1600108964,-23.12,-134.97,23.1,23.1,80,0,5.55
54,Vaini,TO,1600108965,-21.2,-175.2,21.0,21.0,83,75,2.6
55,San Francisco,US,1600108965,37.77,-122.42,16.98,18.33,72,90,3.1
56,Neiafu,TO,1600108966,-18.65,-173.98,23.0,23.0,69,75,2.6
57,Alofi,NU,1600108966,-19.06,-169.92,22.0,22.0,78,75,3.6
58,Lompoc,US,1600108966,34.64,-120.46,15.7,16.0,77,90,1.5
59,Mount Gambier,AU,1600108966,-37.83,140.77,8.0,8.0,93,90,2.6
60,Castro,BR,1600108967,-24.79,-50.01,28.88,28.88,39,99,2.02
61,Zhanakorgan,KZ,1600108967,43.91,67.25,20.4,20.4,30,0,3.55
62,Sørland,NO,1600108967,67.67,12.69,10.0,10.0,87,75,3.6
63,Buraidah,SA,1600108678,26.33,43.98,34.0,34.0,15,0,1.0
64,Bereket,TM,1600108968,39.24,55.52,23.28,23.28,40,0,2.86
65,Mount Isa,AU,1600108968,-20.73,139.5,21.0,21.0,30,0,2.1
66,Yellowknife,CA,1600108952,62.46,-114.35,7.33,7.78,52,40,6.7
67,Okhotsk,RU,1600108969,59.38,143.3,10.79,10.79,79,60,1.45
68,Mataura,NZ,1600108969,-46.19,168.86,5.56,5.56,90,24,5.36
69,Benidorm,ES,1600108970,38.54,-0.13,24.07,25.0,74,98,0.45
70,Bethel,US,1600108970,41.37,-73.41,22.45,23.33,49,20,6.2
71,Plovdiv,BG,1600108970,42.15,24.75,24.96,26.0,33,1,3.6
72,Tuktoyaktuk,CA,1600108971,69.45,-133.04,2.0,2.0,93,90,4.1
73,Bacolod City,PH,1600108971,10.67,122.95,24.64,24.64,89,100,1.48
74,Fortuna,US,1600108971,40.6,-124.16,15.14,16.11,87,40,2.1
75,East London,ZA,1600108972,-33.02,27.91,14.0,14.0,67,0,5.1
76,Raja,SS,1600108972,8.46,25.68,21.75,21.75,94,100,1.07
77,Puerto Ayora,EC,1600108973,-0.74,-90.35,22.56,25.0,65,20,8.2
78,Husavik,IS,1600108973,66.04,-17.34,10.0,10.0,71,75,1.0
79,New Norfolk,AU,1600108973,-42.78,147.06,10.3,11.67,64,21,2.68
80,Loa Janan,ID,1600108973,-0.58,117.09,23.66,23.66,94,100,1.79
81,Lakeland,US,1600108944,28.04,-81.95,28.75,31.0,78,5,2.87
82,Severo-Kuril'sk,RU,1600108974,50.68,156.12,9.96,9.96,84,16,5.97
83,Tasiilaq,GL,1600108974,65.61,-37.64,-1.45,-1.45,98,62,1.01
84,Ojinaga,MX,1600108975,29.57,-104.42,19.0,19.0,100,90,2.6
85,Rewāri,IN,1600108696,28.18,76.62,31.36,32.78,79,20,1.7
86,Narsaq,GL,1600108975,60.92,-46.05,7.0,7.0,36,75,1.5
87,Kaohsiung City,TW,1600108628,22.62,120.31,27.68,28.33,83,40,1.5
88,Kavieng,PG,1600108976,-2.57,150.8,28.11,28.11,78,97,6.47
89,Vila Velha,BR,1600108880,-20.33,-40.29,26.21,26.67,57,0,7.7
90,Kumul,CN,1600108745,42.8,93.45,17.84,17.84,24,0,2.96
91,George Town,MY,1600108974,5.41,100.34,26.83,27.0,83,20,0.98
92,Sturgis,US,1600108977,41.8,-85.42,20.17,20.56,64,75,2.1
93,Lüderitz,NA,1600108977,-26.65,15.16,14.27,14.27,61,0,10.62
94,Bambous Virieux,MU,1600108978,-20.34,57.76,20.0,20.0,52,40,7.2
95,Owen Sound,CA,1600108978,44.57,-80.94,14.74,15.56,58,20,2.6
96,Margate,GB,1600108978,51.38,1.39,19.17,20.0,65,0,0.45
97,Hasaki,JP,1600108748,35.73,140.83,21.04,21.11,94,75,3.6
98,Mar del Plata,AR,1600108979,-38.0,-57.56,16.0,16.0,25,0,3.6
99,San Cristobal,VE,1600108979,7.77,-72.22,35.0,35.0,44,40,5.1
100,Kasongo-Lunda,CD,1600108979,-6.47,16.82,27.65,27.65,55,91,0.99
101,Codrington,AU,1600108980,-38.27,141.97,7.37,7.37,93,100,2.91
102,Vanimo,PG,1600108980,-2.67,141.3,25.67,25.67,85,100,2.45
103,Conde,BR,1600108980,-7.26,-34.91,28.0,28.0,65,75,6.7
104,Faya,SA,1600108981,18.39,42.45,21.5,22.0,77,92,1.79
105,Rabo de Peixe,PT,1600108981,37.8,-25.58,21.0,21.0,56,20,7.2
106,Tocopilla,CL,1600108981,-22.09,-70.2,17.63,17.63,56,83,1.87
107,Burnie,AU,1600108981,-41.07,145.92,9.4,10.0,72,99,2.68
108,Vytegra,RU,1600108982,61.01,36.45,10.34,10.34,78,8,5.36
109,Bilma,NE,1600108982,18.69,12.92,36.87,36.87,11,84,4.55
110,Ust-Maya,RU,1600108982,60.42,134.53,3.8,3.8,92,1,1.53
111,Grafing,DE,1600108983,48.05,11.97,18.65,19.44,90,4,0.71
112,Bredasdorp,ZA,1600108752,-34.53,20.04,9.0,9.0,76,3,2.6
113,Provideniya,RU,1600108984,64.38,-173.3,7.37,7.37,94,99,2.83
114,Padang,ID,1600108984,-0.95,100.35,25.69,25.69,74,100,1.8
115,La Asuncion,VE,1600108984,11.03,-63.86,30.31,30.31,65,0,6.66
116,Bassano,CA,1600108985,50.78,-112.47,13.48,13.48,56,100,5.16
117,Sobolevo,RU,1600108985,54.43,31.9,13.45,13.45,93,0,4.67
118,Kotma,IN,1600108986,23.2,81.97,24.71,24.71,80,100,1.41
119,Kavaratti,IN,1600108986,10.57,72.64,27.66,27.66,80,100,9.09
120,Naze,JP,1600108986,28.37,129.48,25.0,25.0,94,75,1.0
121,Susuman,RU,1600108987,62.78,148.17,3.09,3.09,77,20,0.16
122,Te Anau,NZ,1600108987,-45.42,167.72,4.28,4.28,87,99,2.51
123,Aklavik,CA,1600108988,68.22,-135.01,5.0,5.0,80,75,4.6
124,Sidi Ali,DZ,1600108988,36.1,0.42,23.82,23.82,66,0,3.53
125,Port Elizabeth,ZA,1600108800,-33.92,25.57,14.0,14.0,67,0,12.3
126,Road Town,VG,1600108988,18.42,-64.62,31.54,32.0,70,40,3.6
127,Ati,TD,1600108989,13.22,18.34,28.1,28.1,66,58,4.04
128,Weihe,CN,1600108989,33.0,105.32,15.27,15.27,88,96,1.41
129,Westport,US,1600108989,41.14,-73.36,23.64,24.44,47,40,5.1
130,Batemans Bay,AU,1600108990,-35.72,150.18,8.17,8.89,97,98,0.45
131,Dikson,RU,1600108990,73.51,80.55,6.02,6.02,87,100,5.4
132,Senanga,ZM,1600108990,-16.12,23.27,21.62,21.62,22,2,1.72
133,Saskylakh,RU,1600108991,71.92,114.08,6.01,6.01,81,100,0.67
134,Barrow,US,1600108991,71.29,-156.79,3.0,3.0,93,90,3.6
135,Sept-Îles,CA,1600108991,50.2,-66.38,14.68,15.0,44,40,10.8
136,Muscat,OM,1600108924,23.61,58.59,31.0,31.0,66,39,1.5
137,Tura,IN,1600108806,25.52,90.22,22.54,22.54,96,100,1.74
138,Novodugino,RU,1600108992,55.63,34.28,10.67,10.67,97,9,3.76
139,Fort-Shevchenko,KZ,1600108992,44.51,50.26,20.9,20.9,61,79,5.64
140,Goshāinganj,IN,1600108992,26.58,82.38,28.28,28.28,77,100,2.16
141,Rio Grande,BR,1600108890,-32.03,-52.1,14.44,14.44,65,100,2.68
142,Wuwei,CN,1600108993,37.93,102.64,12.2,12.2,42,0,2.04
143,Ilulissat,GL,1600108993,69.22,-51.1,-1.0,-1.0,50,5,2.6
144,Isangel,VU,1600108993,-19.55,169.27,21.0,21.0,88,40,2.1
145,Berlevåg,NO,1600108994,70.86,29.09,9.0,9.0,81,75,5.1
146,Necochea,AR,1600108994,-38.55,-58.74,14.44,14.44,40,0,2.68
147,Strážske,SK,1600108994,48.87,21.84,18.89,22.0,64,83,4.1
148,Guerrero Negro,MX,1600108869,27.98,-114.06,33.39,33.39,28,0,1.11
149,Kashgar,CN,1600108995,39.45,75.98,19.0,19.0,52,19,4.0
150,Mpika,ZM,1600108995,-11.83,31.45,20.7,20.7,41,56,2.12
151,Bengkulu,ID,1600108995,-3.8,102.27,24.31,24.31,91,83,1.74
152,Cham,CH,1600108996,47.18,8.46,21.38,24.0,64,8,1.0
153,Kiryat Gat,IL,1600108897,31.61,34.76,26.29,28.33,100,0,3.01
154,Northam,GB,1600108996,51.03,-4.22,20.58,21.11,63,60,2.68
155,Hobyo,SO,1600108997,5.35,48.53,25.68,25.68,85,0,12.83
156,Lodja,CD,1600108997,-3.48,23.43,22.05,22.05,82,0,0.57
157,Cidreira,BR,1600108998,-30.18,-50.21,15.18,15.18,56,100,7.7
158,Mananjary,MG,1600108998,-21.22,48.33,19.28,19.28,85,19,2.11
159,Nantucket,US,1600108998,41.28,-70.1,24.0,24.0,50,1,9.8
160,Saint-Pierre,RE,1600108999,-21.34,55.48,15.71,19.0,55,1,11.8
161,Mehamn,NO,1600108999,71.04,27.85,9.0,9.0,87,90,3.6
162,Cherskiy,RU,1600108999,68.75,161.3,5.45,5.45,79,86,2.64
163,Puerto Rondón,CO,1600108999,6.28,-71.1,31.74,31.74,61,100,1.74
164,Honāvar,IN,1600109000,14.28,74.45,24.8,24.8,89,99,1.11
165,Carutapera,BR,1600109000,-1.2,-46.02,28.29,28.29,71,100,4.83
166,Port Blair,IN,1600109000,11.67,92.75,28.06,28.06,76,100,3.93
167,Pevek,RU,1600109001,69.7,170.31,4.14,4.14,86,100,3.18
168,Saint-François,FR,1600109001,46.42,3.91,27.64,28.0,37,10,3.1
169,Abu Samrah,SY,1600109001,35.3,37.18,23.97,23.97,48,0,2.82
170,Dalbandin,PK,1600109002,28.89,64.41,25.04,25.04,17,0,1.17
171,Ankang,CN,1600109002,32.68,109.02,18.92,18.92,88,100,0.4
172,Itamaracá,BR,1600109002,-7.75,-34.83,28.0,28.0,65,40,5.7
173,Cabo San Lucas,MX,1600108769,22.89,-109.91,30.38,31.67,74,40,2.1
174,Yueyang,CN,1600109003,29.33,113.09,19.43,19.43,97,100,0.6
175,Tiksi,RU,1600109003,71.69,128.87,4.36,4.36,88,5,3.9
176,Coahuayana Viejo,MX,1600109003,18.73,-103.68,32.76,32.76,56,36,2.69
177,Faanui,PF,1600109004,-16.48,-151.75,25.67,25.67,74,0,5.08
178,Yulara,AU,1600109004,-25.24,130.99,16.0,16.0,29,0,2.6
179,Kulunda,RU,1600109004,52.57,78.94,14.31,14.31,47,18,2.02
180,Hithadhoo,MV,1600109005,-0.6,73.08,27.65,27.65,67,65,2.23
181,Bandarbeyla,SO,1600109005,9.49,50.81,26.01,26.01,74,57,10.05
182,Matara,LK,1600109005,5.95,80.54,25.85,25.85,87,73,4.31
183,Kruisfontein,ZA,1600109005,-34.0,24.73,13.33,13.33,61,0,2.24
184,Damietta,EG,1600109006,31.42,31.81,28.0,28.0,74,20,6.2
185,Lorengau,PG,1600109006,-2.02,147.27,28.06,28.06,76,90,4.63
186,Bathsheba,BB,1600109006,13.22,-59.52,32.0,32.0,66,40,7.2
187,Sinnamary,GF,1600109007,5.38,-52.95,29.29,29.29,69,40,3.73
188,Ishigaki,JP,1600108997,24.34,124.16,28.53,28.53,76,35,3.58
189,Daru,PG,1600109007,-9.08,143.21,24.49,24.49,86,100,5.56
190,Zhob,PK,1600109008,31.34,69.45,26.49,26.49,31,0,4.62
191,Sechura,PE,1600109008,-5.56,-80.82,23.02,23.02,60,19,7.34
192,Mahébourg,MU,1600109008,-20.41,57.7,20.0,20.0,52,40,7.2
193,Arrondissement de Saint-Denis,FR,1600109008,48.92,2.33,29.44,30.0,30,0,2.1
194,Tautira,PF,1600109009,-17.73,-149.15,26.83,27.0,69,20,2.6
195,São Gabriel da Cachoeira,BR,1600109009,-0.13,-67.09,24.0,24.0,94,90,5.7
196,Upernavik,GL,1600109009,72.79,-56.15,-1.06,-1.06,83,0,2.59
197,Singaraja,ID,1600109010,-8.11,115.09,24.2,24.2,71,90,2.13
198,Katobu,ID,1600109010,-4.94,122.53,21.95,21.95,83,1,1.55
199,Flinders,AU,1600109010,-34.58,150.86,15.32,15.56,88,98,0.89
200,Maralal,KE,1600109010,1.1,36.7,17.82,17.82,65,86,6.6
201,Moosomin,CA,1600109011,50.13,-101.67,17.44,17.44,41,100,7.06
202,Gladstone,AU,1600109011,-23.85,151.25,17.0,17.0,88,15,2.6
203,Meulaboh,ID,1600108994,4.14,96.13,25.3,25.3,86,99,1.51
204,Russell,US,1600109012,32.35,-85.2,31.45,32.0,55,75,3.6
205,Chik,RU,1600109012,54.99,82.43,6.0,6.0,93,31,1.9
206,Kieta,PG,1600109012,-6.22,155.63,25.65,25.65,77,100,2.03
207,Mwinilunga,ZM,1600109013,-11.74,24.43,20.78,20.78,42,25,1.5
208,Patan,NP,1600109013,27.67,85.33,22.0,22.0,94,75,1.5
209,Fountain,US,1600109013,38.68,-104.7,25.94,26.67,19,1,6.2
210,Al Bardīyah,LY,1600109013,31.76,25.09,24.98,24.98,77,0,3.88
211,Bo Rai,TH,1600109014,12.57,102.54,24.44,24.44,91,100,0.66
212,Chicama,PE,1600109014,-7.84,-79.15,22.46,22.46,57,39,4.83
213,Pangnirtung,CA,1600109014,66.15,-65.71,6.0,6.0,70,90,5.1
214,Nikolskoye,RU,1600109015,59.7,30.79,12.91,13.33,81,0,6.0
215,Boa Vista,BR,1600109015,2.82,-60.67,35.0,35.0,41,40,3.6
216,Havre-St-Pierre,CA,1600109015,50.23,-63.6,12.0,12.0,71,1,12.3
217,Zaliznychne,UA,1600109015,45.75,28.61,21.74,21.74,41,0,3.93
218,Huai Yot,TH,1600109016,7.79,99.63,24.38,24.38,91,100,0.75
219,Mana,GF,1600109016,5.66,-53.78,29.72,29.72,63,10,4.19
220,Garden City,US,1600109016,42.33,-83.33,20.05,22.22,52,90,2.1
221,Kapaa,US,1600109017,22.08,-159.32,25.56,26.11,88,75,2.6
222,Port Hawkesbury,CA,1600109017,45.62,-61.35,18.97,19.44,88,90,5.1
223,Ponta Delgada,PT,1600109017,37.73,-25.67,21.0,21.0,56,20,7.2
224,Saint George,US,1600109017,37.1,-113.58,30.91,32.22,14,1,2.1
225,Gachsaran,IR,1600109018,30.36,50.8,31.0,31.0,16,0,2.32
226,Gardone Val Trompia,IT,1600109018,45.69,10.19,23.04,24.44,10,61,0.45
227,Flin Flon,CA,1600109018,54.77,-101.86,9.0,9.0,93,90,1.5
228,Kamenka,RU,1600109018,51.32,42.77,12.2,12.2,58,68,2.97
229,Arrifes,PT,1600109019,37.77,-25.7,21.0,21.0,56,20,7.2
230,Miracema do Tocantins,BR,1600108926,-9.56,-48.4,38.82,38.82,16,32,3.0
231,São Filipe,CV,1600109019,14.9,-24.5,26.75,26.75,80,81,3.0
232,Nemuro,JP,1600109020,43.32,145.57,15.19,15.19,67,39,3.88
233,Sur,OM,1600109020,22.57,59.53,26.98,26.98,69,100,4.37
234,Katsuura,JP,1600108921,35.13,140.3,22.57,23.0,83,75,3.1
235,Constitución,CL,1600109021,-35.33,-72.42,16.81,16.81,49,0,6.18
236,Hermanus,ZA,1600109021,-34.42,19.23,9.44,9.44,88,51,2.32
237,Chokurdakh,RU,1600109021,70.63,147.92,3.65,3.65,96,12,3.83
238,Bahía Honda,CU,1600109021,22.9,-83.16,31.48,31.48,65,92,3.73
239,Jonuta,MX,1600109022,18.08,-92.13,27.0,27.0,88,75,2.9
240,Itarema,BR,1600109022,-2.92,-39.92,28.12,28.12,58,100,9.21
241,Omboué,GA,1600109022,-1.57,9.26,23.96,23.96,83,0,3.08
242,Panzhihua,CN,1600109023,26.59,101.71,21.7,21.7,83,100,0.76
243,Cayenne,GF,1600109023,4.93,-52.33,33.0,33.0,46,17,3.86
244,Barra de Tecoanapa,MX,1600109023,16.52,-98.75,29.5,29.5,68,97,3.87
245,Jatiroto,ID,1600109024,-7.88,111.12,21.13,21.13,86,8,1.22
246,Abu Dhabi,AE,1600108875,24.47,54.37,34.43,35.0,44,0,3.1
247,Peniche,PT,1600109024,39.36,-9.38,22.19,22.78,84,0,7.15
248,Hong Kong,HK,1600108952,22.29,114.16,27.81,28.89,79,100,4.02
249,Biak,ID,1600109025,-0.91,122.88,24.29,24.29,80,100,3.88
250,Mtwara,TZ,1600109025,-10.27,40.18,23.0,23.0,88,20,3.22
251,Kapit,MY,1600109025,2.02,112.93,23.11,23.11,91,100,0.17
252,Salalah,OM,1600109026,17.02,54.09,27.0,27.0,88,75,2.6
253,Udachny,RU,1600109026,66.42,112.4,6.0,6.0,78,0,1.0
254,Wenling,CN,1600109026,28.37,121.36,23.11,23.33,83,100,1.08
255,Maricá,BR,1600109027,-22.92,-42.82,33.19,35.0,58,0,4.1
256,Rundu,NA,1600109027,-17.93,19.77,21.2,21.2,21,0,1.78
257,Barzas,RU,1600109027,55.72,86.32,11.0,11.0,66,89,1.0
258,Evensk,RU,1600109028,61.95,159.23,4.71,4.71,70,17,3.33
259,Zhangaözen,KZ,1600109028,43.3,52.8,19.5,19.5,41,14,4.26
260,Piaçabuçu,BR,1600109028,-10.41,-36.43,25.08,25.08,76,99,5.31
261,Quarter,GB,1600109028,55.74,-4.03,16.2,17.0,82,100,1.0
262,Wanning,CN,1600109029,18.8,110.4,26.36,26.36,86,24,1.32
263,Tupik,RU,1600109029,54.43,119.93,5.9,5.9,91,13,1.52
264,Kloulklubed,PW,1600109029,7.04,134.26,27.0,27.0,83,75,3.6
265,San Juan,AR,1600108986,-31.54,-68.54,22.84,22.84,19,0,3.42
266,Burgeo,CA,1600109030,47.62,-57.62,16.4,16.4,91,100,9.62
267,Eura,FI,1600109030,61.13,22.13,11.0,11.0,81,0,3.1
268,Waddān,LY,1600109030,29.16,16.14,28.23,28.23,34,0,2.69
269,Mazatlán,MX,1600109031,23.22,-106.42,30.43,30.56,79,75,1.0
270,Novikovo,RU,1600109031,51.15,37.89,14.79,14.79,69,43,4.12
271,Copiapó,CL,1600109031,-27.37,-70.33,14.0,14.0,71,90,4.1
272,Yeppoon,AU,1600109031,-23.13,150.73,17.0,17.0,93,35,3.1
273,Marawi,PH,1600109032,8.0,124.29,23.33,23.33,96,100,1.79
274,Namatanai,PG,1600109032,-3.67,152.43,26.27,26.27,81,92,3.42
275,Angoche,MZ,1600109032,-16.23,39.91,24.18,24.18,81,0,5.23
276,Tucumcari,US,1600109033,35.17,-103.72,24.0,24.0,44,1,2.32
277,Chaupimarca,PE,1600109033,-10.43,-76.53,11.56,11.56,48,57,5.05
278,Sungai Raya,ID,1600109033,0.7,108.9,25.1,25.1,86,100,2.32
279,Ji’an,CN,1600109033,27.12,114.98,20.52,20.52,93,2,1.31
280,Norman Wells,CA,1600109034,65.28,-126.83,5.0,5.0,80,75,2.92
281,Plouzané,FR,1600109034,48.38,-4.62,20.62,22.0,72,100,1.5
282,Haines Junction,CA,1600109034,60.75,-137.51,9.33,9.33,49,56,0.54
283,Imbituba,BR,1600109035,-28.24,-48.67,18.0,18.0,63,90,10.3
284,Hualmay,PE,1600109035,-11.1,-77.61,18.94,18.94,69,24,4.52
285,La Ronge,CA,1600109035,55.1,-105.28,10.0,10.0,87,90,2.1
286,Sobreira,PT,1600109035,41.52,-7.8,21.67,21.67,65,75,2.68
287,Klaksvík,FO,1600109036,62.23,-6.59,9.0,9.0,87,100,1.5
288,Chālūs,IR,1600109036,36.66,51.42,23.0,23.0,88,20,2.1
289,Yumen,CN,1600109036,40.28,97.2,9.56,9.56,40,0,3.06
290,Avarua,CK,1600109037,-21.21,-159.78,21.0,21.0,77,86,3.6
291,San Policarpo,PH,1600109037,12.18,125.51,26.98,26.98,82,88,1.34
292,Airai,TL,1600109037,-8.93,125.41,11.84,11.84,97,1,1.34
293,Pimentel,PE,1600109038,-6.84,-79.93,21.0,21.0,64,20,5.7
294,Ibrā’,OM,1600109038,22.69,58.53,27.68,27.68,40,71,1.89
295,Grand Gaube,MU,1600109038,-20.01,57.66,20.0,20.0,51,3,5.36
296,Ulaanbaatar,MN,1600109038,47.91,106.88,3.0,3.0,86,75,1.0
297,Solginskiy,RU,1600109039,61.05,41.34,7.87,7.87,90,84,3.98
298,Misratah,LY,1600109039,32.38,15.09,26.46,26.46,70,0,5.29
299,Leshukonskoye,RU,1600109039,64.9,45.76,8.55,8.55,94,100,3.86
300,Enshi,CN,1600109040,30.3,109.48,18.25,18.25,87,100,0.18
301,Severnyy,RU,1600109040,50.68,36.55,18.0,18.0,48,28,5.0
302,Hurghada,EG,1600108893,27.26,33.81,30.65,30.65,39,0,7.35
303,Neuquén,AR,1600108944,-38.95,-68.06,21.0,21.0,15,0,4.1
304,Aksu,CN,1600109041,41.12,80.26,21.09,21.09,30,100,2.17
305,Chapais,CA,1600109041,49.78,-74.85,9.0,9.0,61,90,6.7
306,Muroran,JP,1600109042,42.32,140.99,17.35,17.35,86,100,9.75
307,Taoudenni,ML,1600109042,22.68,-3.98,41.26,41.26,9,5,0.9
308,Lupiro,TZ,1600109042,-8.38,36.67,25.96,25.96,46,0,3.04
309,Kuvandyk,RU,1600109043,51.48,57.36,10.82,10.82,85,100,4.59
310,Yangi Marg`ilon,UZ,1600109043,40.43,71.72,23.0,23.0,40,0,2.1
311,Borovoy,RU,1600109043,55.43,86.08,11.0,11.0,66,98,1.0
312,Nome,US,1600109043,64.5,-165.41,9.84,10.0,93,90,9.3
313,Hervey Bay,AU,1600109044,-25.3,152.85,16.11,16.11,91,1,1.34
314,Kaitangata,NZ,1600109044,-46.28,169.85,7.78,7.78,63,5,4.92
315,Bubaque,GW,1600109044,11.28,-15.83,27.85,27.85,83,100,2.88
316,Mehrān,IR,1600109045,33.12,46.16,29.0,29.0,10,0,4.1
317,Comodoro Rivadavia,AR,1600109045,-45.87,-67.5,17.0,17.0,36,100,12.3
318,Laguna,US,1600109045,38.42,-121.42,21.88,22.78,60,90,3.6
319,Barranca,PE,1600109046,-10.75,-77.77,18.6,18.6,71,15,4.78
320,Lebu,CL,1600109046,-37.62,-73.65,11.64,11.64,67,0,11.16
321,Mayya,RU,1600109046,61.73,130.28,7.0,7.0,75,0,5.0
322,Kenai,US,1600109047,60.55,-151.26,10.7,13.33,87,1,0.98
323,Taltal,CL,1600109047,-25.4,-70.48,16.84,16.84,60,22,2.21
324,Lewistown,US,1600109047,40.6,-77.57,21.75,22.22,49,20,5.1
325,Eyl,SO,1600109047,7.98,49.82,25.67,25.67,79,0,9.28
326,Awallan,PH,1600109048,17.92,121.91,24.48,24.48,88,70,1.14
327,Havøysund,NO,1600109048,71.0,24.66,8.0,8.0,93,75,6.2
328,Wajir,KE,1600109048,1.75,40.06,29.0,29.0,58,5,2.1
329,Mapiripán,CO,1600109049,2.89,-72.13,32.98,32.98,49,74,0.54
330,Marsh Harbour,BS,1600109049,26.54,-77.06,29.0,29.0,67,30,2.83
331,Caohai,CN,1600109049,26.87,104.28,14.2,14.2,98,100,0.81
332,Lakes Entrance,AU,1600109049,-37.88,147.98,3.33,3.33,94,11,3.94
333,Opotiki,NZ,1600109050,-38.08,177.28,10.0,10.0,91,50,2.18
334,Coihueco,CL,1600109050,-36.62,-71.83,20.0,20.0,37,0,6.2
335,Caravelas,BR,1600109050,-17.71,-39.25,25.35,25.35,63,0,3.81
336,Naryan-Mar,RU,1600109050,67.67,53.09,8.06,8.06,89,44,2.59
337,Nizwá,OM,1600109051,22.93,57.53,29.7,29.7,30,97,0.7
338,Bilibino,RU,1600109051,68.05,166.44,3.77,3.77,83,99,2.12
339,Apodi,BR,1600109051,-5.66,-37.8,31.52,31.52,39,93,6.05
340,Chui,UY,1600109052,-33.7,-53.46,13.32,13.32,54,0,5.09
341,Kupang,ID,1600108963,-10.17,123.58,22.35,22.35,80,29,4.2
342,Riyadh,SA,1600108626,24.69,46.72,34.0,34.0,21,0,0.83
343,Marfino,RU,1600109052,55.7,37.38,10.78,12.22,93,62,4.0
344,Ancud,CL,1600109053,-41.87,-73.82,12.22,12.22,77,100,0.89
345,Nouadhibou,MR,1600109053,20.93,-17.03,30.0,30.0,55,0,8.7
346,Leningradskiy,RU,1600109053,69.38,178.42,4.46,4.46,95,100,4.17
347,Qeshm,IR,1600109053,26.96,56.27,31.49,33.0,25,0,1.0
348,Elko,US,1600109054,41.0,-115.5,26.64,27.22,9,1,7.77
349,Vila Franca do Campo,PT,1600109054,37.72,-25.43,21.0,21.0,56,20,7.2
350,Babayurt,RU,1600109054,43.6,46.78,18.2,18.2,82,0,2.03
351,Ust'-Omchug,RU,1600109055,61.15,149.63,3.61,3.61,72,99,1.51
352,Santa Ana,US,1600109055,33.75,-117.87,23.94,27.78,69,75,2.1
353,Mananara,MG,1600109055,-16.17,49.77,19.88,19.88,87,1,3.25
354,Bayan,CN,1600109056,46.08,127.4,10.42,10.42,87,0,0.59
355,Dunmore Town,BS,1600109056,25.5,-76.65,28.81,28.81,68,65,2.88
356,Nagato,JP,1600109056,34.38,131.2,18.26,21.0,88,20,1.5
357,Lensk,RU,1600109056,60.73,114.93,5.42,5.42,90,0,1.64
358,Bay Roberts,CA,1600109057,47.6,-53.26,19.11,19.44,1,100,8.0
359,Olinda,BR,1600109038,-8.01,-34.86,28.0,28.0,65,40,5.7
360,Borba,BR,1600109057,-4.39,-59.59,31.15,31.15,50,97,1.41
361,Aitape,PG,1600109058,-3.14,142.35,26.32,26.32,84,100,3.12
362,Turukhansk,RU,1600109058,65.82,87.98,10.75,10.75,89,71,5.74
363,Haverfordwest,GB,1600109059,51.8,-4.97,22.68,23.0,60,100,3.6
364,Beya,RU,1600109059,53.05,90.91,6.18,6.18,86,0,1.17
365,Kudahuvadhoo,MV,1600109059,2.67,72.89,28.16,28.16,75,3,3.35
366,Atar,MR,1600109059,20.52,-13.05,41.11,41.11,13,84,3.29
367,Moose Factory,CA,1600109060,51.26,-80.61,11.0,11.0,57,75,4.6
368,Araouane,ML,1600109060,18.9,-3.53,41.08,41.08,11,60,3.78
369,Winnemucca,US,1600109060,40.97,-117.74,24.0,24.0,11,1,2.1
370,Gravdal,NO,1600109061,68.12,13.5,10.0,10.0,87,75,2.6
371,Souillac,MU,1600109061,-20.52,57.52,20.0,20.0,52,40,7.2
372,Cockburn Town,TC,1600109062,21.46,-71.14,28.73,28.73,76,100,4.25
373,Talnakh,RU,1600109062,69.49,88.4,8.0,8.0,100,100,4.0
374,Kulhudhuffushi,MV,1600109062,6.62,73.07,27.67,27.67,79,100,5.23
375,Zhigansk,RU,1600109063,66.77,123.37,6.01,6.01,94,0,5.22
376,Bell Ville,AR,1600109063,-32.63,-62.69,20.56,20.56,18,0,0.89
377,Lagoa,PT,1600109064,39.05,-27.98,19.09,19.09,65,52,9.55
378,Bundaberg,AU,1600109064,-24.85,152.35,15.3,15.56,93,23,3.6
379,Samarai,PG,1600109064,-10.62,150.67,25.85,25.85,84,100,5.31
380,Gornyak,RU,1600109064,50.99,81.47,14.89,14.89,37,100,2.25
381,Gorontalo,ID,1600109065,0.54,123.06,24.31,24.31,84,100,2.25
382,Uelzen,DE,1600109065,52.97,10.57,19.93,23.0,60,40,1.0
383,Wilmington,US,1600108903,34.23,-77.94,30.12,31.0,55,75,3.6
384,Yakovlevka,RU,1600109066,44.42,133.48,11.18,11.18,95,100,0.77
385,Alice Springs,AU,1600109066,-23.7,133.88,15.0,15.0,47,0,2.1
386,Vao,NC,1600109066,-22.67,167.48,20.6,20.6,80,0,8.27
387,Avera,US,1600109067,33.19,-82.53,30.48,32.0,55,75,2.1
388,Ferrol,ES,1600109067,43.48,-8.24,21.43,23.33,75,38,0.89
389,Bud,US,1600109067,39.45,-86.18,24.44,24.44,62,0,3.79
390,São João da Barra,BR,1600109068,-21.64,-41.05,28.0,28.0,58,0,10.3
391,Labuhan,ID,1600109068,-6.88,112.21,24.72,24.72,79,0,3.96
392,Pozo Colorado,PY,1600109068,-23.49,-58.8,22.83,22.83,62,100,5.06
393,Chu,KZ,1600109069,43.6,73.76,17.22,17.22,49,61,2.68
394,Manjacaze,MZ,1600109069,-24.71,33.88,23.43,23.43,58,0,4.99
395,Pekan,MY,1600109069,3.48,103.4,23.94,24.0,88,20,2.1
396,Calamar,CO,1600109069,10.25,-74.91,34.0,34.0,67,40,1.5
397,Baykit,RU,1600109070,61.67,96.37,8.99,8.99,84,21,0.78
398,Fomboni,KM,1600109070,-12.28,43.74,25.04,25.04,76,0,1.38
399,Dindori,IN,1600109070,22.95,81.08,23.6,23.6,86,100,1.21
400,Acajutla,SV,1600108836,13.59,-89.83,29.12,30.0,62,40,1.0
401,Mountain Home,US,1600109071,43.13,-115.69,27.0,27.0,10,1,4.6
402,Nivala,FI,1600109071,63.92,24.97,8.89,8.89,81,28,0.89
403,Cervo,ES,1600109071,43.67,-7.41,19.44,19.44,1,71,2.26
404,Kosonsoy,UZ,1600109072,41.26,71.55,23.0,23.0,40,57,2.1
405,Ubari,LY,1600109072,26.59,12.78,29.61,29.61,27,0,3.72
406,Pedernales,DO,1600109073,18.04,-71.74,31.0,31.0,74,75,6.2
407,Belyy Yar,RU,1600109073,53.6,91.39,5.0,5.0,93,0,1.0
408,Soyo,AO,1600109073,-6.13,12.37,23.79,23.79,78,26,3.46
409,Qianjiang,CN,1600109073,30.42,112.89,19.0,19.0,98,100,0.7
410,Ixtapa,MX,1600109074,20.7,-105.2,30.0,30.0,70,20,2.6
411,Coyhaique,CL,1600109048,-45.58,-72.07,10.0,10.0,61,75,3.6
412,Shurugwi,ZW,1600109074,-19.67,30.01,17.93,17.93,40,37,1.62
413,Wanaka,NZ,1600109075,-44.7,169.15,4.06,4.06,79,100,3.46
414,Lerwick,GB,1600109075,60.15,-1.15,13.0,13.0,100,75,5.1
415,Dalvik,IS,1600108996,65.97,-18.53,10.0,10.0,71,75,1.0
416,Tuatapere,NZ,1600109076,-46.13,167.68,5.56,5.56,90,36,5.36
417,Palana,RU,1600109076,59.12,159.97,3.38,3.38,95,26,1.84
418,Gerāsh,IR,1600109077,27.67,54.14,29.0,29.0,23,0,2.1
419,Shenjiamen,CN,1600109077,29.96,122.3,22.57,22.57,79,100,2.8
420,Dulce Grande,MX,1600109078,23.0,-102.17,21.0,21.0,56,75,4.26
421,Makakilo City,US,1600108896,21.35,-158.09,25.21,26.0,65,1,2.1
422,Esperance,AU,1600109078,-33.87,121.9,11.0,11.0,93,79,5.7
423,North Bend,US,1600109078,43.41,-124.22,13.35,14.44,100,90,2.6
424,Palmer,US,1600109079,42.16,-72.33,22.92,24.0,38,75,7.2
425,Matiari,PK,1600109079,25.6,68.45,33.0,33.0,55,40,4.1
426,Iranshahr,IR,1600109079,27.2,60.68,32.0,32.0,8,0,6.2
427,Gornyy,RU,1600109080,55.12,83.91,9.53,9.53,83,100,2.9
428,Zalţan,LY,1600109080,32.95,11.87,26.24,26.24,62,0,2.77
429,Togur,RU,1600109080,58.36,82.83,7.81,7.81,95,0,2.02
430,Iqaluit,CA,1600109061,63.75,-68.51,3.94,4.0,69,90,5.7
431,Narsīpatnam,IN,1600109081,17.67,82.62,29.0,29.0,89,75,3.1
432,Grindavik,IS,1600109081,63.84,-22.43,9.0,9.0,81,20,3.6
433,Ures,MX,1600109082,29.43,-110.4,34.11,35.0,42,0,0.89
434,Maxixe,MZ,1600109082,-23.86,35.35,22.88,23.0,94,20,4.1
435,Lahad Datu,MY,1600109082,5.03,118.33,24.95,24.95,90,100,0.97
436,Vardø,NO,1600109082,70.37,31.11,9.0,9.0,87,75,11.3
437,Marzuq,YE,1600109083,14.4,46.47,28.35,28.35,45,0,2.83
438,Igreja Nova,BR,1600109083,-10.13,-36.66,26.35,26.35,65,92,5.81
439,Rizhao,CN,1600109083,35.43,119.46,20.71,20.71,85,93,1.87
440,Cap Malheureux,MU,1600109084,-19.98,57.61,20.0,20.0,52,0,5.36
441,Nauta,PE,1600109084,-4.51,-73.58,33.44,33.44,50,66,1.43
442,Farim,GW,1600109084,12.48,-15.22,35.0,35.0,59,40,1.0
443,Oruzgan,AF,1600109085,32.83,66.0,12.55,12.55,33,0,0.84
444,Fergus Falls,US,1600109085,46.28,-96.08,19.6,20.0,63,1,5.7
445,Belmonte,BR,1600109085,-15.86,-38.88,26.0,26.0,61,40,4.6
446,Pacific Grove,US,1600109086,36.62,-121.92,14.85,15.56,87,90,2.96
447,Magadan,RU,1600109086,59.57,150.8,8.02,8.02,61,3,2.98
448,Raudeberg,NO,1600109086,61.99,5.14,10.56,10.56,95,100,2.01
449,Egvekinot,RU,1600109087,66.32,-179.17,4.5,4.5,93,100,4.34
450,Dorado,PR,1600109048,18.46,-66.27,31.61,32.78,74,40,5.7
451,Strezhevoy,RU,1600108909,60.73,77.59,13.0,13.0,82,95,4.0
452,Ahipara,NZ,1600109088,-35.17,173.17,13.67,13.67,83,33,6.25
453,Kondinskoye,RU,1600109088,59.65,67.41,10.98,10.98,77,100,3.86
454,Corning,US,1600109088,42.14,-77.05,18.06,20.0,42,40,5.7
455,Zacualtipán,MX,1600109089,20.65,-98.6,17.56,17.56,91,97,1.24
456,Dingle,PH,1600109089,11.0,122.67,23.97,23.97,92,100,0.85
457,Saint-Augustin,CA,1600109089,51.23,-58.65,18.37,18.37,54,21,10.66
458,Tarsus,TR,1600109090,36.92,34.88,27.0,27.0,88,0,1.5
459,Longyearbyen,SJ,1600109090,78.22,15.64,2.0,2.0,95,75,3.1
460,Pilot Butte,CA,1600109090,50.47,-104.42,14.0,14.0,62,90,4.6
461,Geraldton,AU,1600109091,-28.77,114.6,11.0,11.0,93,0,1.0
462,Sandviken,SE,1600109091,60.62,16.77,16.11,16.11,82,100,1.32
463,Saint-Maximin-la-Sainte-Baume,FR,1600109091,43.45,5.86,24.43,25.56,56,0,1.79
464,Varberg,SE,1600108868,57.11,12.25,16.11,16.11,92,0,1.79
465,College,US,1600109092,64.86,-147.8,7.45,8.33,75,90,1.5
466,Dunedin,NZ,1600109092,-45.87,170.5,8.83,9.44,64,27,1.79
467,Lavrentiya,RU,1600109093,65.58,-171.0,6.37,6.37,96,100,4.24
468,Sindi,IN,1600109093,20.8,78.87,25.0,25.0,83,40,1.07
469,Mīzan Teferī,ET,1600109093,6.98,35.58,17.1,17.1,90,75,1.01
470,Oussouye,SN,1600109094,12.48,-16.55,30.98,32.0,79,40,2.1
471,Baruun-Urt,MN,1600109094,46.68,113.28,8.41,8.41,50,4,3.7
472,Sittwe,MM,1600109094,20.15,92.9,27.92,27.92,84,100,3.54
473,Menzel Salem,TN,1600109095,35.86,8.48,18.0,18.0,72,40,2.1
474,Orël-Izumrud,RU,1600109095,43.46,39.92,23.62,26.0,78,40,2.0
475,Baiyin,CN,1600109095,36.56,104.21,10.86,13.33,93,40,2.0
476,Canatlán,MX,1600109096,24.52,-104.78,19.2,21.0,77,90,3.6
477,Morón,AR,1600109096,-34.65,-58.62,16.36,18.0,32,0,2.1
478,Korla,CN,1600109096,41.76,86.15,21.67,21.67,68,63,0.45
479,Assiut,EG,1600109096,27.18,31.18,30.0,30.0,37,0,4.6
480,Darnah,LY,1600109097,32.77,22.64,24.43,24.43,78,0,2.5
481,Richards Bay,ZA,1600109097,-28.78,32.04,19.47,19.47,73,98,4.08
482,Mandalgovi,MN,1600109098,45.76,106.27,4.32,4.32,76,100,6.09
483,Waggaman,US,1600109098,29.92,-90.21,29.29,30.0,74,100,3.13
484,Phalaborwa,ZA,1600109098,-23.94,31.14,27.0,27.0,30,0,2.1
485,Vilhena,BR,1600109099,-12.74,-60.15,34.0,34.0,23,0,4.6
486,Pasni,PK,1600109099,25.26,63.47,28.57,28.57,69,12,3.25
487,Chum Phae,TH,1600109099,16.54,102.1,25.06,25.06,84,7,1.11
488,Hamilton,US,1600109099,39.18,-84.53,25.16,26.67,53,20,4.6
489,Ishinomaki,JP,1600109100,38.42,141.3,19.14,19.14,92,80,3.26
490,Camacha,PT,1600109100,33.08,-16.33,24.0,24.0,64,20,3.1
491,Harper,LR,1600109101,4.38,-7.72,24.66,24.66,86,45,4.84
492,Kidal,ML,1600109027,18.44,1.41,37.56,37.56,17,48,1.1
493,Olafsvik,IS,1600109101,64.89,-23.71,8.96,8.96,72,0,1.37
494,Nanortalik,GL,1600109102,60.14,-45.24,5.75,5.75,83,100,11.23
495,Encruzilhada do Sul,BR,1600109102,-30.54,-52.52,13.71,13.71,60,100,3.28
496,Namtsy,RU,1600109102,62.72,129.67,7.0,7.0,75,0,5.0
497,Usinsk,RU,1600109103,65.99,57.53,8.39,8.39,94,100,4.96
498,Ulaangom,MN,1600109103,49.98,92.07,6.99,6.99,58,0,1.0
499,Henties Bay,NA,1600109104,-22.12,14.28,13.33,13.33,79,0,2.24
500,Gaza,PS,1600109104,31.5,34.47,26.28,28.33,100,0,4.52
501,Ust-Nera,RU,1600109104,64.57,143.2,3.01,3.01,79,66,1.76
502,Semnan,IR,1600109105,35.57,53.4,19.72,19.72,44,0,0.87
503,Mīnāb,IR,1600109105,27.15,57.08,30.0,30.0,25,0,1.0
504,Paamiut,GL,1600109105,61.99,-49.67,6.06,6.06,77,100,14.03
505,Kiryat Shmona,IL,1600109106,33.21,35.57,24.48,29.0,66,0,2.6
506,Alice,US,1600109106,27.75,-98.07,29.86,31.0,66,40,3.6
507,Menongue,AO,1600109107,-14.66,17.69,19.45,19.45,24,0,1.15
508,Nyrob,RU,1600109107,60.73,56.72,6.67,6.67,97,100,1.94
509,Laas,IT,1600109107,46.62,10.7,18.0,18.0,77,5,1.5
510,Kipushi,CD,1600109108,-11.77,27.23,18.95,18.95,45,0,1.18
511,Kerema,PG,1600109108,-7.96,145.78,23.57,23.57,87,79,1.74
512,Amapá,BR,1600109108,1.0,-52.0,30.14,30.14,63,100,1.69
513,Ipixuna,BR,1600109109,-1.76,-48.8,31.0,31.0,70,40,3.1
514,Yasnaya Polyana,RU,1600109109,44.02,42.75,19.43,20.0,56,0,2.0
515,Bastos,BR,1600109110,-21.92,-50.73,36.54,36.54,12,8,3.22
516,Chabahar,IR,1600109110,25.29,60.64,28.0,28.0,83,40,4.1
517,Hirara,JP,1600109111,24.8,125.28,28.26,28.26,71,95,3.37
518,Saint Anthony,US,1600109055,45.02,-93.22,21.54,22.78,64,1,5.7
519,Boves,IT,1600109111,44.33,7.55,23.0,23.0,69,88,0.5
520,Eydhafushi,MV,1600109112,5.1,73.07,27.91,27.91,77,67,3.86
521,San Quintín,MX,1600108866,30.48,-115.95,27.71,27.71,47,0,5.23
522,Iisalmi,FI,1600109112,63.56,27.19,11.0,11.0,66,90,4.6
523,Asadābād,IR,1600109113,34.78,48.12,17.87,17.87,31,0,3.59
524,Florø,NO,1600108953,61.6,5.03,14.0,14.0,93,75,7.2
525,Tando Ghulam Ali,PK,1600109114,25.13,68.87,32.36,32.36,57,75,5.59
526,Conceição do Mato Dentro,BR,1600109114,-19.04,-43.42,29.44,29.44,28,2,1.98
527,Adamovka,RU,1600109115,51.52,59.94,15.19,15.19,43,100,2.84
528,Jutaí,BR,1600109115,-5.18,-68.9,35.74,35.74,42,85,0.33
529,Lithgow,AU,1600109116,-33.48,150.15,9.44,9.44,93,81,1.12
530,Agadez,NE,1600109116,19.75,10.25,36.02,36.02,10,0,4.8
531,Sühbaatar,MN,1600109117,50.23,106.21,4.27,4.27,91,32,1.99
532,Boshnyakovo,RU,1600109118,49.63,142.17,10.75,10.75,80,6,2.27
533,Murgab,TM,1600109118,37.5,61.97,22.0,22.0,37,0,1.0
534,Emerald,AU,1600109118,-23.53,148.17,15.56,16.0,87,5,3.6
535,Boz,FR,1600109119,46.41,4.91,25.37,25.56,47,0,1.43
536,Jodhpur,IN,1600109118,26.29,73.03,31.92,31.92,45,0,3.65
537,Prince Rupert,CA,1600109092,54.32,-130.32,12.0,12.0,100,90,1.5
538,Muros,ES,1600109120,42.78,-9.06,20.8,21.11,80,6,1.34
539,Kabul,AF,1600109050,34.5,69.42,22.0,22.0,49,0,1.0
540,Rognan,NO,1600109121,67.1,15.39,9.23,10.0,93,100,2.34
541,Charters Towers,AU,1600109121,-20.1,146.27,14.55,14.55,93,0,2.78
542,Alta Floresta,BR,1600109122,-9.88,-56.09,40.69,40.69,10,0,2.55
543,Navrongo,GH,1600109122,10.9,-1.09,26.16,26.16,76,7,0.16
544,Byron Bay,AU,1600109122,-28.65,153.62,12.47,13.33,93,9,3.24
545,Verkhniachka,UA,1600109123,48.83,30.04,16.74,16.74,65,0,3.23
546,Quimper,FR,1600109085,48.0,-4.1,21.0,21.0,77,100,2.16
547,Tommot,RU,1600109124,58.96,126.29,7.57,7.57,81,58,2.11
548,Outjo,NA,1600109125,-20.12,16.15,19.51,19.51,24,0,6.28
549,Phan Thiet,VN,1600109125,10.93,108.1,24.49,24.49,88,100,2.49
550,Waingapu,ID,1600109125,-9.66,120.26,22.65,22.65,82,0,2.91
551,Glenwood Springs,US,1600108973,39.55,-107.32,22.62,24.44,24,0,2.26
552,Keti Bandar,PK,1600109126,24.14,67.45,29.82,29.82,77,98,2.14
553,Presidencia Roque Sáenz Peña,AR,1600109128,-26.79,-60.44,22.45,22.45,22,100,4.32
554,Kālpi,IN,1600108929,26.12,79.73,31.73,31.73,59,92,2.01
555,Warrington,GB,1600109129,53.39,-2.58,21.05,21.67,73,25,2.1
556,Rocha,UY,1600109129,-34.48,-54.33,12.22,12.22,57,0,5.19
557,Praia,CV,1600109129,14.92,-23.51,27.07,27.07,78,91,2.79
558,Smithers,CA,1600109103,54.78,-127.17,11.0,11.0,76,90,1.0
559,Kirakira,SB,1600109130,-10.45,161.92,26.33,26.33,83,100,7.34
560,Boende,CD,1600109130,-0.22,20.87,22.71,22.71,95,100,0.59
561,Zarubino,RU,1600109131,42.63,131.09,12.75,12.75,84,0,2.99
562,Punta Gorda,US,1600109072,26.93,-82.05,29.49,31.0,74,20,4.1
